KMER,Centromere,Pericentromeric,Peritelomeric,Telomere,Y-chromosome
A,0.009844471015411216,0.01066169757387531,7.217354116870393e-05,0.0,0.009410319406227167
C,0.0,0.0131257084899469,0.010739216037229282,0.0,0.0
AC,0.020494905796592366,0.008268527057582176,0.00012245057640495694,0.0,0.010225660846563098
AG,0.5142678230102447,0.009546184044297797,0.0,0.0,0.00893312635337959
AT,0.009217821393931588,0.014072045079606852,0.0,0.0,0.013700358733077353
AAC,0.02228990545552077,0.012304192864548142,0.0,0.0,0.011455716768879238
AAG,0.2973430360467084,0.009597949858569252,0.0,0.0,0.03696137449733659
AAT,0.0061299602442827315,0.010040671395977627,0.0,0.0,0.014528768844540647
ACC,0.052721356216868735,0.0013383719099354433,0.0,0.0,0.0005379730226211095
ACT,0.0,0.0,0.0,0.0,0.03127777777777778
AGC,0.0013994495498437281,0.0023790642347343376,0.0,0.0,0.002892195736343705
AGG,0.5384085713498774,0.00403503456633707,0.0,0.0,0.007932354642355468
ATC,0.0,0.0051820480536102645,0.0,0.0,0.004984339392930355
CCG,0.6255393493395452,0.02422108690473039,0.0,0.0,0.0
AAAG,0.15706473773999347,0.014804205620780199,0.0,0.0,0.0222939072809974
AAAT,0.01504377197959174,0.012938993119666797,9.444520525304231e-05,0.0,0.00935007532005119
AACC,0.002352802776307276,0.0,0.0,0.0,0.0
AAGG,0.06279033461544607,0.008826049384081889,0.0,0.0,0.01570987620175021
AATG,0.0012972452071422615,0.007227509011221171,0.0001853207438774659,0.0,0.004633018596936648
ACAG,1.04222628129365,0.0393968697396225,0.0,0.0,0.011460907560617456
ACAT,0.7722235455586938,0.014972606935039302,0.0,0.0,0.021778337360057166
ACTC,0.0,0.026623280579795888,0.0,0.0,0.005916284573287975
AGAT,0.003700119149359175,0.005577791553511593,0.0,0.0,0.025293351797111976
AGCC,0.0,0.13786546232469693,0.0,0.0,0.003169320972981539
AGGC,1.8370338200966287,0.009771456489875685,0.0,0.0,0.00434286955105586
AGGG,0.36548975757536356,0.006761105440739561,0.0,0.0,0.01859303996203379
ATCC,0.0018608769864059728,0.0033367449411417444,0.0,0.0,0.020918824054080937
AAAAC,0.007629779616750301,0.00970652436450482,0.00013543987485355562,0.0,0.016343078232329045
AAAAG,0.01357897629606479,0.010130347395476908,0.0,0.0,0.013902285255494905
AAAAT,0.008688952309173086,0.014593599458500651,0.0,0.0,0.012577378480681483
AAACC,0.0667779632721202,0.010543888937703189,0.0,0.0,0.003514629645901063
AAACT,0.0,0.0038015586390420073,0.0,0.0,0.019007793195210038
AAAGC,0.0,0.0,0.0,0.0,0.019221528111484865
AAAGG,0.04178294694501177,0.0015590651845153647,0.0,0.0,0.018085156140378228
AAATG,0.011762399529504019,0.050970397961184084,0.0,0.0,0.011762399529504019
AAATT,0.001210580473336965,0.016948126626717512,0.0,0.0,0.015737546153380546
AACAG,0.0,0.00609570252971655,0.0,0.0,0.06705272782688204
AACAT,0.0,0.00848216389425569,0.0,0.0,0.014136939823759484
AACTG,0.0,0.0,0.0,0.0,0.0
AAGAG,0.0,0.015824573301684186,0.0,0.0,0.024113635507328285
AAGCC,0.0,0.0,0.0,0.0,0.0
AAGGC,0.010520778537611783,0.0,0.0,0.0,0.0
AAGGG,0.004401672635601529,0.002400912346691743,0.0,0.0,0.012804865849022629
AAGGT,0.0,0.0,0.0,0.0,0.0
AATAC,2.5091195193476863,0.0014305128388527287,0.0,0.0,0.030040769615907303
AATAG,0.007117121124505138,0.007117121124505138,0.0,0.0,0.0008896401405631422
AATAT,0.002207383698471387,0.025384912532420947,0.0,0.0,0.041940290270956346
AATGG,54.301291390831345,0.7801156256116011,0.0,0.0,3.090639668718022
ACACT,2.9966703662597114,0.0,0.0,0.0,0.31076581576026635
ACAGG,0.0,0.0,0.0,0.0,0.0
ACCCC,6.115786789084417,0.0,0.0,0.0,0.015302218821729151
ACGAT,0.0,0.0,0.0,0.0,0.0
ACTAG,0.0,0.0,0.0,0.0,0.0
ACTAT,0.0,0.0,0.0,0.0,0.017854485939592324
ACTCC,26.63493574488339,2.570204664445502,0.0,0.0,3.3888624464540693
AGAGG,0.0008156274213939073,0.003262509685575629,0.0,0.0,0.0024468822641817217
AGCAT,0.0,0.0,0.0,0.0,0.043258832011535686
AGGAT,0.0,0.0,0.0,0.0,0.0
AGGGG,0.005103689967846753,0.004423197972133853,0.0,0.0,0.013609839914258008
AAATAT,0.04654300168634064,0.03170320404721754,0.0,0.0,0.0
AACCCT,1.7817573662056525,0.0016536380036079375,0.005223992784125075,10.853126879134095,1.5173631990378833
AAGGAG,0.04364973618291318,0.010073016042210734,0.0,0.0,0.026914672493737676
ACACAT,0.0,0.0028557238639185497,0.0,0.0,0.011547057362801092
ACAGAG,3.2805866812425983,0.00610367131274483,0.0,0.0,0.0059214721690808055
ACATAT,0.0,0.007034561104557172,0.0,0.0,0.004937300651024599
ACATCC,0.0,0.0,0.0,0.0,0.0
ACCATC,0.0,0.0,0.0,0.0,0.018596787827557058
ACCCTC,0.32157554379776604,0.0,0.06878306878306878,3.5620223398001176,0.20634920634920634
ACCCTG,0.9642196175200494,0.09870450339296731,0.3479333744602097,2.0746452806909317,0.1147439851943245
AGAGAT,0.0,0.0,0.0,0.0,0.07445301432394144
AGAGGG,0.022522199942709827,0.023751551608899073,0.0,0.0,0.002912250549030841
AGATAT,0.005032741414314718,0.00989391209859598,0.0,0.0,0.005232907266020417
AGATGG,0.0,0.0,0.0,0.0,0.0
AGCAGG,0.0,0.0,0.0,0.0,0.0
AGCCCT,0.0,0.0,0.03361344537815126,1.7591036414565826,0.0
AGGGCC,0.047476261869065464,0.14792603698150925,0.010494752623688156,0.0,0.033483258370814596
AAAGGAG,0.0,0.0,0.0,0.0,0.0
AATATAT,0.09807996128609858,0.008753326975903444,0.0,0.0,1.3470729728575699
AAAACCCT,0.0,0.0,0.0,164.0,0.0
AAAGCAAG,0.05275779376498801,0.0,0.0,0.0,0.016786570743405275
AAAGGGAG,0.0,0.0,0.0,0.0,0.0
AAATATAT,0.004201179905845897,0.0034264942494487815,0.0,0.0,0.010190095941838985
AAATGATG,0.2845036319612591,0.3278450363196126,0.0,0.0,0.005084745762711864
AACCCTAT,0.0,0.0,0.0,0.0,0.0
ACATATAT,0.02393947695614608,0.00505763597665058,0.0,0.0,0.011822224095420731
AAGCCAGCC,0.0,0.19823344131460663,0.0,0.0,0.0
AATATATAT,0.03504631636404502,0.0112861018799467,0.0,0.0,0.0588707476440463
ACAGGGTGG,0.0,0.0,0.0,0.0,0.0
ACCACCCCC,0.0,0.0,0.0,0.0,0.0
ACCCCCTCT,0.0,0.0,0.0,0.0,0.0
ACCCTATCC,0.0,0.0,0.0,0.0,0.0
ACTATATAT,0.0,0.007688984881209503,0.0,0.0,0.006393088552915767
AGGAGGGGC,0.0,0.0,0.0,0.0,0.0
ATATATATC,0.0075116815520198735,0.005618974389306204,0.0,0.0,0.001537824569704856
AAATATATAT,0.0004950372515531794,0.006435484270191332,0.0,0.0,0.0009900745031063587
AATATATATG,0.10303967027305512,0.0,0.0,0.0,0.0
AATCGAATGG,184.06215316315206,0.8657047724750278,0.0,0.0,116.5149833518313
ACACATATAT,0.007368033261407295,0.01052576180201042,0.0,0.0,0.01052576180201042
ACATATATAT,0.0029637532971755432,0.011262262529267065,0.0,0.0,0.004742005275480869
AGATATATAT,0.0,0.028295213393067672,0.0,0.0,0.014147606696533836
AAAGCAAAGGC,0.0,0.0,0.0,0.0,0.0
AATATATATAT,0.011408278770391743,0.020153146154699812,0.0,0.0,0.008922428143380312
AAATATATATAT,0.003890891776069655,0.01476090061900551,0.0,0.0,0.005645874430310863
ACACATATATAT,0.007678301121031963,0.006054888884013777,0.0,0.0,0.006471710944869798
ACCACCTCCCTC,0.0,0.0,0.0,0.0,0.0
AAGGTATGGGTGTGG,0.0,0.0,0.0,0.0,0.0
AATGGAATGGAGTGG,61.426123537861685,1.25759285860866,0.0,0.0,1.2321978247486147
AGCAGGAGGGGCAGG,0.0,0.0,0.0,0.0,0.0
AGGAGGCCCCGCGGC,0.0,0.0,0.0,0.0,0.0
AGGCCGGGGCCGCGG,0.0,0.0,0.0,0.0,0.0
AAGAGGTGATAGTATT,0.0,0.0,0.0,0.0,0.011099365750528542
AATAGAATAGAATTAG,0.0,0.0,0.0,0.0,0.0
AATCCCAATTGATGTAG,0.0,0.0,0.0,0.0,0.0
ACAGGGTGCTGATGAGG,0.0,0.0,0.0,0.0,0.0
ACCGCGTCCTCATCAGC,0.0,0.0,0.0,0.0,0.0
ACCGCGTCCTCATCGGC,0.0,0.0,0.0,0.0,0.0
AAATATATAAATATATAT,0.001971574659849207,0.006911344137273594,0.0,0.0,0.008471271340670768
ACACATATATACATATAT,0.003643935450286309,0.008689384535298121,0.0,0.0,0.01665799062988027
ACATATATACATATATAT,0.010345949967450944,0.011229424346693946,0.0,0.0,0.005672835487770854
AACCCCTAACCCTAACCCT,0.27779599868809446,0.03804526074122663,0.03509347326992457,3.265332896031486,0.11479173499508036
AACCCTAACCCTCACCCCT,0.0,0.0,0.0,0.0,0.0
AATATATGCGTATATATGT,0.0,0.0,0.0,0.0,0.0
ACGGGAGAGGGAGAGGGAG,0.0,0.02343159486016629,0.0,0.0,0.0
AAGAAGAAGGAAGAAGCACG,0.0,0.0,0.0,0.0,0.0
AATGAGTGAGCGGGGAGAGG,0.0,0.0,0.0,0.0,0.0
AATGAGTGAGTGAGGAGAGG,0.0,0.0,0.0,0.0,0.0
